{
  "project_info": {
    "project_number": "427885859569",
    "firebase_url": "https://graduate-project-sga.firebaseio.com",
    "project_id": "graduate-project-sga",
    "storage_bucket": "graduate-project-sga.appspot.com"
  },
  "client": [
    {
      "client_info": {
        "mobilesdk_app_id": "1:427885859569:android:4d04fa1e50c119feb08f50",
        "android_client_info": {
          "package_name": "com.example.stud_guidance_app"
        }
      },
      "oauth_client": [
        {
          "client_id": "427885859569-ro1jg1c1nk0vbm9gn25a5rjajj5950la.apps.googleusercontent.com",
          "client_type": 1,
          "android_info": {
            "package_name": "com.example.stud_guidance_app",
            "certificate_hash": "0ee93dcf46649d431da3d2d8d72dd4f433dda37d"
          }
        },
        {
          "client_id": "427885859569-af89d8fetn5fsm76nmac9gjbg97f0pv6.apps.googleusercontent.com",
          "client_type": 3
        }
      ],
      "api_key": [
        {
          "current_key": "AIzaSyBpjys-Roel5TDwAmf_B2ADBxZKaDL-RP4"
        }
      ],
      "services": {
        "appinvite_service": {
          "other_platform_oauth_client": [
            {
              "client_id": "427885859569-af89d8fetn5fsm76nmac9gjbg97f0pv6.apps.googleusercontent.com",
              "client_type": 3
            }
          ]
        }
      }
    }
  ],
  "configuration_version": "1"
}